source_id,ra,dec,parallax,parallax_error,pmra,pmra_error,pmdec,pmdec_error,feh_pr,rv,rv_err,feh,feh_err,Membership,note,Gmag,e_Gmag,BPmag,e_BPmag,RPmag,e_RPmag,radial_velocity,radial_velocity_err,ebv,G0,BP0,RP0,label,l,b
2820866973064504448,353.3928739031958,17.7536753684953,0.0206,0.0172,1.081,0.017,-3.335,0.013,,-190.08295,2.437871,-3.26,0.2,Y,INT,13.828377,0.002776,14.493107,0.003608,13.035084,0.003888,-190.08,2.44,0.0827871,13.607335,14.220737,12.868682,new22,97.93791771368508,-41.30825899942834
2606388641446500864,347.0677779734641,-9.212628996365485,0.1836,0.0882,0.339,0.091,-4.677,0.1,,-150.44,0.98,-3.12,0.1,Y,MIKE,17.359938,0.002934,17.75512,0.011034,16.791739,0.008957,,,0.043074615,17.244928,17.613403,16.705158,new22,64.39183689623334,-59.76816239970132
2606242131522123520,347.04803517809506,-9.428178579418772,0.0035,0.0707,0.235,0.079,-4.824,0.084,,-135.14,0.92,-3.07,0.1,Y,MIKE,16.957253,0.002886,17.388128,0.009056,16.380512,0.005694,,,0.04125117,16.847113,17.252413,16.297598,new22,64.03656210175619,-59.890474050085665
6600784780223506944,339.9024531525057,-32.79367015385771,0.0115,0.0178,-0.361,0.018,-5.277,0.015,,-41.15,0.52,-3.29,0.1,Y,MIKE,13.476139,0.002786,14.09769,0.003884,12.71549,0.003941,-42.14,2.55,0.012498353,13.442768,14.05657,12.690369,new22,13.603484332271359,-61.01215614862811
6594796290142997376,335.4728668704987,-38.35307499764083,0.0019,0.0254,-0.703,0.023,-5.415,0.02,,-22.09,0.51,-3.28,0.1,Y,MIKE,14.519078,0.002767,15.027156,0.003509,13.838308,0.003881,-13.95,5.8,0.016106484,14.476074,14.974166,13.805934,new22,3.548333968548591,-56.87555548617688
6559328209695612544,327.68641682314995,-49.38000517847493,0.0482,0.0144,-1.482,0.013,-5.174,0.013,,32.42,0.54,-3.25,0.1,Y,MIKE,13.744617,0.002771,14.342357,0.003047,13.001383,0.003865,36.05,2.62,0.025919788,13.675411,14.257081,12.949284,new22,347.65293854552476,-48.98887374789966
6567859904530795904,331.53237596622546,-44.041666515040994,0.0103,0.0523,-1.06,0.042,-5.256,0.046,,7.45,0.83,-3.3,0.1,Y,MIKE,16.493511,0.002803,16.888231,0.004768,15.913237,0.005625,,,0.011948672,16.461609,16.84892,15.88922,new22,354.8053172255827,-52.884042823973246
2758373652717936640,354.5731253128641,9.035392450579748,0.0083,0.0261,0.935,0.032,-3.612,0.022,,-156.88,0.17,-3.14,0.2,Y,SDSS,14.650295,0.002774,15.271745,0.003277,13.888221,0.003908,-155.84,5.09,0.12810317,14.30826,14.850286,13.6307335,new22,94.28969907559878,-49.724816455914095
2288313499629002624,298.74545004757636,74.65641895381889,0.0327,0.0143,2.045,0.018,1.459,0.017,,-134.29,0.67,-3.37,0.1,Y,Subaru,14.084492,0.002769,14.728245,0.003236,13.303232,0.003875,-135.03,3.91,0.1371959,13.718179,14.276871,13.027469,new22,106.99567760794385,22.04099288664995
2871048855556252160,354.48420228642,30.22392456735,0.0185,0.068,1.366,0.066,-2.823,0.048,,-207.9,0.61,-2.93,0.2,P,UVES (2023),16.707788,0.002812,17.168066,0.00763,16.070599,0.004752,,,0.093541086,16.50163,16.903294,15.9197235,new23,104.59638462240764,-30.01744976659449
2852330082409525760,355.83104890642,24.77643497918,0.0317,0.0305,1.121,0.029,-3.022,0.021,,-191.79,0.54,-3.35,0.2,Y,UVES (2023),15.334995,0.00277,15.817109,0.003377,14.677073,0.003934,,,0.034015566,15.26158,15.72203,14.622328,new23,103.85476706210545,-35.559325265914296
2760807387346283648,351.31021872908,7.9633947409,0.0364,0.0622,0.757,0.073,-3.954,0.046,,-178.64,0.64,-3.2,0.2,Y,UVES (2023),16.386858,0.002823,16.847876,0.008084,15.752972,0.00553,,,0.08745214,16.194324,16.600458,15.61194,new23,89.1291962795792,-49.16757481619085
2658115921889849472,350.14296405676,2.58381453178,0.0907,0.0781,1.059,0.109,-4.001,0.07,,-172.47,0.83,-2.61,0.2,P,UVES (2023),17.089914,0.002897,17.51158,0.007029,16.50033,0.005874,,,0.05171957,16.974815,17.3644,16.4168,new23,82.9657354991214,-53.08792724541211
2644950674600720512,350.57152196091,-0.22854713952,0.0043,0.0921,0.669,0.086,-4.051,0.081,,-150.23,0.98,-3.27,0.2,Y,UVES (2023),17.130405,0.002934,17.541,0.011297,16.526861,0.007172,,,0.041495062,17.03844,17.423155,16.459883,new23,80.73870004006615,-55.61982041281021
2640793013114783872,352.99371838343,-1.34662447124,0.1294,0.1073,0.462,0.105,-4.194,0.11,,-140.23,0.7,-2.59,0.1,P,UVES (2023),17.398806,0.002969,17.80012,0.011001,16.812958,0.007644,,,0.042367656,17.304174,17.679335,16.744493,new23,83.13646203574247,-57.94196810863307
2641204161744171392,353.4703215143,-0.97000503049,0.0885,0.0279,0.807,0.036,-4.06,0.023,,-134.49,0.7,-3.29,0.1,Y,UVES (2023),14.854918,0.002785,15.410265,0.003084,14.14362,0.003983,,,0.04885198,14.752437,15.275984,14.06525,new23,84.27721597067946,-57.8989159516058
2865256628300500352,355.27554,27.748335,0.024,0.039,1.217,0.037,-2.855,0.026,-3.39,-197.3,2.1,-3.15,0.17,Y,GRACES,15.819355,0.00278,16.315563,0.003743,15.150084,0.003965,,,0.087966636,15.584484,16.026154,14.97327,old,104.43193053314924,-32.58412434476366
2868052548930201984,354.77017,30.250984,0.01,0.041,1.294,0.043,-2.648,0.029,-3.38,-186.7,2.2,-3.21,0.17,Y,GRACES,15.698723,0.002774,16.202917,0.003777,15.021444,0.004055,,,0.08952975,15.459679,15.908364,14.84149,old,104.8766795693583,-30.07130081110078
2865368434887899008,355.1327,27.98196,0.055,0.032,1.236,0.029,-2.804,0.022,-3.14,-194.4,2.0,-3.3,0.15,Y,GRACES \ OSIRIS,15.392889,0.00277,15.940853,0.003549,14.681664,0.003933,,,0.1403686,15.018105,15.47904,14.399524,old,104.37870797663842,-32.32238078533106
2865251577418971392,355.32242,27.599358,0.024,0.02,1.222,0.018,-2.785,0.014,-3.26,-183.6,0.3,-3.49,0.21,Y,LAMOST \ OSIRIS \ UVES,14.1907,0.002763,14.807975,0.002953,13.432482,0.003826,-180.44,3.69,0.08480408,13.9642725,14.52897,13.262026,old,104.42222801819223,-32.73856236202859
2826426202636892544,353.79944,21.264807,0.125,0.1,1.144,0.089,-3.244,0.073,-3.72,-195.2,1.9,-3.41,0.19,Y,OSIRIS \ UVES,17.631329,0.002916,18.065014,0.011302,17.044502,0.01096,,,0.07288331,17.43673,17.825228,16.898006,old,100.14495091800761,-38.2101011670777
2828159930612041344,354.6358,23.794123,0.072,0.1,1.266,0.098,-3.054,0.069,-3.3,-193.5,1.6,-3.38,0.2,Y,OSIRIS \ UVES (2021),17.487429,0.002884,17.884789,0.011128,16.90868,0.00837,,,0.05189223,17.348877,17.714064,16.804377,old,102.1843382152634,-36.12350365244593
2827849249857638656,355.26712,22.967741,-0.04,0.099,1.271,0.091,-3.028,0.073,-3.14,-191.1,2.6,-3.34,0.19,Y,OSIRIS \ UVES (2021),17.598883,0.002891,18.012035,0.008906,17.043255,0.007446,,,0.031824935,17.51391,17.907331,16.979286,old,102.51203991157449,-37.097929203753864
2852197625617728384,355.40564,24.283298,-0.047,0.1,1.196,0.082,-2.907,0.063,-3.79,-178.8,1.2,-3.39,0.18,Y,OSIRIS \ UVES (2021),17.284725,0.002831,17.70962,0.007271,16.696772,0.005412,,,0.049274758,17.153162,17.547506,16.597729,old,103.20648922710939,-35.899935680452735
2866151046649496832,354.96152,28.465961,0.004,0.024,1.231,0.022,-2.747,0.016,,-190.6,0.9,-3.48,0.11,Y,UVES (2021),14.28056,0.002773,15.024829,0.003123,13.436157,0.003856,-190.39,5.28,0.19798565,13.751938,14.373456,13.038206,old,104.39365194290592,-31.815581676941274
2605574384366803968,346.20322,-10.696532,0.019,0.048,0.261,0.049,-4.855,0.044,,-133.54,0.39,-3.51,0.19,Y,UVES (2021),15.885856,0.002804,16.332788,0.006578,15.273505,0.004778,,,0.035735924,15.790441,16.215218,15.201676,old,61.01802122933786,-60.02093222928227
2826454824298642560,354.11792,21.10585,0.006,0.236,1.368,0.228,-3.184,0.185,-3.41,-192.0,9.0,-3.24,0.3,,Xshooter,19.195505,0.003552,19.57423,0.032884,18.67743,0.025288,,,0.06692282,19.01682,19.354053,18.542913,old,100.42256036416859,-38.46707833791617
2826300927030372224,353.87604,20.394047,0.21,0.297,1.163,0.329,-3.347,0.218,-3.9,-189.0,9.0,-3.25,0.27,,Xshooter,19.246092,0.003844,19.629211,0.031611,18.750982,0.030189,,,0.07436493,19.047537,19.38455,18.60151,old,99.81616176842239,-39.04519201973876
2864770364985943424,354.42233,26.637522,0.078,0.323,1.403,0.293,-3.022,0.195,-3.74,-192.0,9.0,-3.11,0.4,,Xshooter,19.25161,0.003676,19.600628,0.033546,18.75783,0.035536,,,0.05769079,19.097576,19.410826,18.64187,old,103.14278528281122,-33.38445408571874
2852259503209614336,354.87103,24.474972,-0.065,0.313,1.276,0.254,-2.84,0.212,-3.9,-187.0,9.0,-3.24,0.22,,Xshooter,19.267206,0.003393,19.63738,0.033571,18.771955,0.024133,,,0.054019775,19.122972,19.459656,18.663376,old,102.71982748851894,-35.55675723057387
2826352947674483840,353.99835,20.800112,-0.352,0.272,1.305,0.31,-3.1,0.208,-3.91,-197.0,9.0,-3.4,0.4,,Xshooter,19.371344,0.003663,19.732182,0.039603,18.90474,0.03962,,,0.06390961,19.200705,19.52192,18.776281,old,100.14613173107024,-38.71051022932039
2826664453062267776,355.13647,21.3506,0.5,0.368,1.073,0.412,-3.083,0.284,-4.0,-183.0,9.0,-3.34,0.12,,Xshooter,19.510258,0.004179,19.86356,0.059196,19.083302,0.046391,,,0.0467962,19.385311,19.7096,18.98924,old,101.66797949759031,-38.576271768426224
2826456439206381312,354.1925,21.14274,0.369,0.333,0.974,0.326,-3.211,0.26,-2.75,-204.0,9.0,-2.66,0.37,,Xshooter,19.53439,0.003998,19.808006,0.044801,19.11461,0.03277,,,0.059306905,19.37604,19.612886,18.995403,old,100.5224672917964,-38.45808344089507
2852422883765640320,355.24835,25.371702,0.322,0.341,1.289,0.31,-2.996,0.231,-3.6,-187.0,9.0,-3.01,0.28,,Xshooter,19.605639,0.003936,19.888906,0.039095,19.14681,0.035716,,,0.046748452,19.48082,19.735104,19.052847,old,103.47996649079363,-34.82510302781577
2827731670833206272,354.42188,22.612535,-0.304,0.402,1.392,0.444,-3.034,0.271,-3.57,-219.0,9.0,-2.54,0.33,,Xshooter,19.666063,0.004463,20.023903,0.057077,19.198765,0.03929,,,0.061141014,19.502817,19.822748,19.07587,old,101.44091467123648,-37.162262429598016
2868021350287794560,354.83145,29.79905,-0.178,0.101,1.256,0.099,-2.681,0.076,,,,,,,,17.803026,0.002911,18.251625,0.009424,17.201239,0.008254,,,0.113321975,17.500456,17.878796,16.973461,old,104.76766700993247,-30.516496895036397
2864329185945227904,354.6618,25.094284,0.53,0.284,1.233,0.268,-2.668,0.22,-3.04,,,,,,,19.442087,0.003747,19.80259,0.036287,19.001146,0.028698,,,0.055385888,19.294207,19.620369,18.88982,old,102.7575526723398,-34.909701401012995
1912600270359141888,353.90784,36.105103,0.169,0.302,1.385,0.418,-2.614,0.25,,,,,,,,19.512924,0.003885,19.920248,0.052903,18.896753,0.03683,,,0.1611643,19.082615,19.390018,18.572813,old,106.20073594301248,-24.291558557784796
1912706716827846528,352.06305,35.671246,0.653,0.305,0.863,0.319,-1.808,0.265,,,,,,,,19.541965,0.004039,19.953575,0.070841,19.09153,0.042021,,,0.11044363,19.247082,19.590216,18.869537,old,104.49654260318536,-24.20485666762265
2879312333975462400,354.65738,35.963478,0.073,0.338,1.196,0.375,-2.258,0.265,,,,,,,,19.61786,0.0039,20.03425,0.048512,19.072596,0.03618,,,0.09582812,19.362,19.718975,18.879982,old,106.78501167351749,-24.614924329477358
2827700678349232128,354.50125,22.188074,0.337,0.383,1.151,0.357,-2.807,0.289,-2.93,,,,,,,19.623903,0.004163,19.98442,0.052692,19.224932,0.044078,,,0.046384785,19.500055,19.831816,19.131699,old,101.33850105856926,-37.58526132535741
2826881812767837440,355.17062,21.806744,0.344,0.348,1.187,0.399,-3.022,0.289,-3.13,,,,,,,19.678932,0.004082,19.965693,0.055694,19.311583,0.048543,,,0.052988127,19.537455,19.79136,19.205076,old,101.90684418097574,-38.15913584707435
2852399381704345600,355.53775,25.071518,0.275,0.388,1.231,0.37,-2.731,0.314,,,,,,,,19.684961,0.004246,20.025393,0.044621,19.165089,0.039763,,,0.037680734,19.584354,19.901423,19.08935,old,103.66260881342099,-35.194259709117354
2852418524375994112,355.35535,25.299397,0.201,0.377,1.073,0.357,-2.814,0.254,,,,,,,,19.717226,0.003951,20.065228,0.046782,19.193808,0.039241,,,0.0438766,19.600075,19.920874,19.105616,old,103.56251326739374,-34.925074751234966
2826217261068446336,355.36896,20.928566,-0.244,0.367,1.148,0.461,-3.094,0.271,,,,,,,,19.734116,0.00443,20.056683,0.049972,19.30433,0.047245,,,0.0632602,19.56521,19.848557,19.177177,old,101.74201141763007,-39.04723488117705
2828240980938817792,354.56204,24.336233,0.123,0.328,1.182,0.303,-2.698,0.256,-3.36,,,,,,,19.744143,0.003881,19.991693,0.047941,19.251385,0.039949,,,0.055637993,19.595589,19.808645,19.139553,old,102.33646348083391,-35.59132141483744
2822928454287324160,355.25494,19.22842,-0.986,0.446,1.037,0.527,-3.128,0.342,,,,,,,,19.782543,0.004842,20.217897,0.061904,19.276806,0.054305,,,0.07651223,19.578255,19.966171,19.123016,old,100.83773546136962,-40.60278819623829
2866119435690240256,355.06915,28.009491,0.252,0.435,1.441,0.391,-2.626,0.298,,,,,,,,19.853067,0.004387,20.239185,0.064552,19.2272,0.046659,,,0.15839027,19.430166,19.71808,18.908834,old,104.32629835572207,-32.278287435020474
2826222621186789376,354.86426,20.557495,0.168,0.472,1.02,0.437,-2.895,0.371,,,,,,,,19.866148,0.0046,20.181414,0.063762,19.40131,0.053604,,,0.052540306,19.725866,20.008556,19.295704,old,101.00460738900057,-39.22983053606154
2823165364682996992,355.68295,20.323431,0.805,0.441,1.072,0.492,-3.22,0.33,,,,,,,,19.923674,0.004627,20.197649,0.059045,19.50314,0.0732,,,0.115078725,19.616413,19.81904,19.271832,old,101.83055687610623,-39.71645749782861
2872778829724813824,354.8786,33.41867,0.264,0.406,1.327,0.474,-2.442,0.283,-3.25,,,,,,,19.92384,0.004251,20.180197,0.058256,19.46631,0.060647,,,0.069232054,19.73899,19.952423,19.327154,old,106.10872379182783,-27.092590047864974
